PID, Cost, Form...
1,54,0,0,0,0,0,0,0,0,0,0,0,0,0,0,0,0,0
2,67,0.003495,0,0,0.003,0.01395,0.02441,0.0626435,0.027753,0.0193485,0.003379,0.003891,0.0306035,0.0106565,0,0.016089,0.0113255,0.789181
3,62,0.176636,0.170289,0.044388,0.442571,0.092742,0,0,0,0,0.012307,0.037548,0.19258,0.255057,0,0,0.288243,0.128405
4,79,0.543765,0.0106695,0.398341,0.061037,0.041595,0.398829,0.415058,0.0220155,0.0483715,0.033153,0.019744,0,0.355859,0.0345105,0.157617,0.055815,0.396892
5,40,0,0,0,0,0,0,0,0,0,0,0,0,0,0,0,0,0
6,57,0.015984,0.162253,0,0.147965,0,0.233012,0,0,0,0,0,0.209276,0,0.442629,0.017782,0.183302,0
7,47,0,0,0,0.001089,0,0,0.0746425,0,0,0,0,0.020883,0.049091,0.0122475,0.0674645,0.0405095,0
8,48,0,0,0,0,0,0,0.023691,0,0,0,0,0.0142,0.0021,0.232693,0.005188,0,0
9,67,0.108399,0.0675365,0.0082475,0.119518,0.190389,0.529799,0.35797,0,0.046582,0.0075205,0.347627,0,0,0.023406,0.003023,0.0590655,0.414718
12,45,0,0,0,0.024257,0,0.044664,0,0.0043465,0.0177625,0.011223,0,0.33441,0.012198,0,0.0170395,0.00524,0.0159305
13,83,0.092955,0.069282,0.058516,0,0,0,0,0,0,0,0.244714,0.289623,0.407442,0.126628,0.0637455,0.0499525,0.100885
15,56,0.2612,0.2188,0,0.3004,0,0,0,0,0,0.0088,0.0388,0.2068,0,0.2412,0,0.2064,0
16,62,0.05348,0.102605,0,0,0,0.107836,0.097542,0.094203,0.22467,0.075746,0.0440465,0,0.0680865,0.286876,0.128227,0.081526,0.518355
17,106,0.5881,0.228844,0.27535,0.24732,0.199713,0.255227,0.744459,0,0.335763,0.0609185,0.009966,0.602004,0.713678,0.0970175,0.0885715,0.1708,0.002099
18,63,0.199081,0.16235,0,0.157818,0,0,0.008422,0,0,0.095875,0.072797,0.255944,0,0.483625,0.284262,0.21825,0
20,50,0.09622,0.339796,0.030712,0.061036,0.0335885,0.0828525,0.118203,0.0224205,0.067152,0.082795,0.0502945,0.371462,0,0.267997,0.0407475,0.054074,0.201155
21,43,0,0,0,0,0,0,0,0,0,0,0,0,0,0,0,0,0
22,48,0,0,0,0,0,0,0.027091,0,0,0,0,0,0,0,0,0,0
23,68,0.0102275,0.33514,0.059637,0.071697,0,0.529225,0.0639165,0.025527,0.015297,0.030558,0.0171465,0.111095,0.525015,0.023595,0.059246,0.033021,0.0576185
24,61,0.173463,0.15324,0,0.166293,0,0,0,0,0.121553,0.057296,0,0,0,0,0,0,0
25,48,0.174433,0,0.0156,0,0,0,0,0,0,0.04109,0,0.021646,0.050628,0.153825,0,0,0
73,42,0.038,0,0,0,0,0,0,0,0,0,0,0,0,0,0,0,0
186,67,0,0,0,0.00902,0,0.0205225,0.029658,0.014516,0,0,0,0.172521,0.0127945,0,0,0,0
578,58,0,0.011332,0,0,0.215909,0,0.058591,0,0,0,0,0.184109,0,0,0,0,0.273385
597,45,0,0,0,0,0,0,0,0,0.012802,0,0,0,0,0,0,0.073479,0.012923
633,60,0,0,0,0,0.0493625,0.067905,0.339416,0.03703,0.0364665,0.0446785,0,0,0.014913,0.0968485,0.0122475
638,45,0,0,0,0,0,0,0,0,0,0,0,0,0,0,0
639,45,0,0,0,0,0,0,0,0,0,0,0,0,0,0,0
657,40,0,0,0,0,0,0,0,0,0,0,0,0,0,0
658,40,0,0,0,0,0,0,0,0,0,0,0,0,0,0
659,45,0,0,0,0,0,0,0,0,0,0,0,0,0,0
662,40,0,0,0,0,0,0,0,0,0,0,0,0
665,45,0,0,0,0,0,0,0,0,0,0,0
28,62,0.0262275,0.0445745,0.0044975,0,0.058085,0.204961,0.0364875,0.010735,0.168138,0.010565,0.0209685,0.0283545,0.0002875,0.0487025,0.029743,0,0
29,52,0,5.19997e-05,0.0214965,0.193209,0,0.021753,0.052521,0.030688,0.332067,0,0,0.365704,0.01079,0.016344,0.057116,0,0
30,49,0,0,0,0,0,0,0,0,0,0,0,0,0,0,0,0,0
31,52,0,0,0,0.012745,0.005713,0.021235,0,0.025485,0,0,0,0.0101875,0.0253365,0.012547,0,0,0.002
32,44,0,0.021278,0,0,0,0,0.167532,0,0.036326,0,0,0.073321,0,0.251284,0,0,0
33,45,0,0,0,0,0,0,0,0,0,0,0,0,0,0,0,0,0
34,65,0,0,0,0,0,0,0,0,0,0,0,0,0,0,0,0,0
35,45,0,0,0,0,0,0,0.218215,0,0,0,0,0,0,0,0.206661,0,0
36,47,0.027888,0,0.234079,0.230564,0,0,0.243513,0.118192,0.204551,0,0,0.026384,0,0.193914,0.08701,0,0
37,50,0,0,0,0,0,0,0,0,0,0,0,0,0,0,0,0,0
38,58,0.354297,0.01554,0.350168,0.336601,0.354946,0.0302565,0.012711,0.0091365,0.022133,0.006099,0.0112575,0.0203465,0.043368,0.0573715,0.378744,0.31837,0.390891
39,40,0,0,0,0,0,0,0,0,0,0,0,0,0,0,0,0,0
40,39,0,0,0,0,0,0,0,0,0,0,0,0,0,0,0,0,0
41,54,0,0,0,0,0,0,0,0,0,0,0,0,0,0,0,0,0
42,50,0,0,0,0,0,0,0,0,0.0070395,0.0159825,0,0,0.014289,0.047747,0.0748355,0.0656375,0.0512145
43,40,0,0,0,0,0,0,0,0,0,0,0,0,0,0,0,0,0
44,44,0,0,0.036704,0,0.328831,0,0.0275,0,0.057135,0,0,0,0,0.001197,0.206606,0,0
45,46,0.016569,0,0.01634,0.099462,0.012954,0.022692,0.040021,0,0,0,0,0,0,0.023605,0.049887,0,0
46,40,0,0,0,0,0,0,0,0,0,0,0,0,0,0,0,0,0
47,50,0,0,0.022,0,0.0096,0,0.2792,0.0888,0.0076,0,0,0,0,0,0.1868,0,0.0388
48,52,0.031479,0.041537,0.029263,0.0833235,0.014797,0,0,0.0239225,0.0265715,0.0097075,0.0276725,0.224552,0.0292435,0.0190725,0.113346,0.250636,0.197992
49,44,0,0,0,0,0,0,0,0,0,0,0,0,0,0.032709,0,0,0
50,39,0.018285,0,0.048056,0,0,0,0,0,0,0,0,0,0,0,0,0,0
51,45,0,0,0,0,0,0,0,0,0,0,0,0,0,0,0,0,0
52,44,0.012963,0,0,0,0,0,0.171177,0,0.048793,0,0,0,0,0,0.183998,0,0.037654
53,54,0.195517,0.029937,0.077701,0.026597,0.036621,0.053586,0,0.222297,0.056571,0.0326605,0.0142855,0,0,0,0,0,0
54,53,0.0817545,0.074861,0.0421375,0.043432,0.387523,0.287199,0.0315425,0.319035,0.005594,0.388043,0.001816,0.0294635,0.010178,0.391798,0.0849685,0.0274315,0.577155
55,40,0,0,0,0,0,0,0,0,0,0,0,0,0,0,0,0,0
56,40,0,0,0,0,0,0,0,0,0,0,0,0,0,0,0,0,0
57,55,0.271616,0.0358195,0.083281,0.102804,0.264764,0.0691205,0.0864995,0.276372,0.100693,0.064401,0.0930635,0.235191,0.080222,0.125373,0.052622,0.061209,0.074137
58,89,0.011139,0.0426075,0.181763,0.712483,0.359566,0.504939,0.0305355,0.366341,0.10036,0,0.0239995,0.387751,0.059988,0.589779,0.059661,0.011656,0.026905
233,49,0.398818,0.005347,0.35266,0.0190765,0.04864,0.0679935,0,0.071452,0.0330705,0.036361,0.0731235,0,0,0,0,0,0.023775
569,53,0.0087825,0,0,0.020495,0,0.007933,0.038503,0,0,0,0,0.0091685,0.008005,0.012891,0.0198075,0,0
598,40,0,0,0,0,0,0,0,0,0,0,0,0,0,0,0,0,0
640,40,0,0,0,0,0,0,0,0,0,0,0,0,0,0,0
641,40,0,0,0,0,0,0,0,0,0,0,0,0,0,0,0
656,45,0,0,0,0,0,0,0,0,0,0,0,0,0,0
679,45,0,0,0,0,0,0
59,43,0,0,0,0,0,0,0,0,0,0,0,0.040491,0,0,0,0,0
60,49,0,0,0,0,0,0,0,0,0.0123465,0.0044965,0.045229,0.0660315,0.026111,0.0801015,0,0,0.04
61,45,0,0,0,0,0,0,0,0,0,0,0,0,0,0,0,0,0
62,49,0,0,0,0,0,0,0.0483505,0,0.0211385,0.01252,0.0095175,0.358137,0.019806,0.0132675,0.145925,0,0
63,49,0.0235965,0.0499165,0.039123,0.0669495,0.009037,0.0608975,0.0819435,0.349353,0.0780565,0.0284575,0.068422,0,0.0465195,0.0526345,0.0766625,0.19521,0.1825
64,50,0.056516,0.0729535,0.354969,0.0283045,0.0444315,0.383483,0.130491,0.0815425,0.0743375,0.0462495,0.200493,0.0529035,0,0.02697,0.0737555,0.0721485,0
65,54,0,0,0,0.0449025,0.0112675,0.018685,0.0091275,0.0107325,0.0082185,0.003129,0.01056,0.15843,0.002857,0.0420975,0.360705,0.338175,0
66,50,0,0,0,0,0,0,0,0,0,0,0,0,0,0,0,0,0
67,45,0,0,0,0,0,0,0,0,0,0,0,0,0,0,0,0,0
68,39,0,0,0,0,0,0,0,0,0,0,0,0,0,0,0.02163,0,0
69,45,0.019851,0.009,0,0,0,0,0,0,0,0,0,0,0,0,0,0,0
70,47,0,0,0,0,0,0,0,0.237695,0,0.438066,0,0,0.116662,0.260049,0.004934,0,0.0179
71,55,0.0077675,0.0315715,0.216524,0.0676145,0,0.0268915,0.0250885,0.493086,0.019934,0.0797135,0.338782,0.0346975,0.709684,0.041422,0.083073,0.042944,0.00575
72,44,0,0,0,0,0,0,0,0,0,0,0,0,0,0,0,0,0
74,50,0.038904,0.0268915,0.242656,0,0.037855,0.358501,0.0338025,0.071,0.048706,0,0,0.0489395,0.003584,0.0521425,0.506609,0.123079,0.012
75,40,0,0,0,0,0,0,0,0,0,0,0,0,0,0,0,0,0
76,48,0.00601,0,0,0.0131805,0,0,0,0,0,0,0,0,0.016366,0.055328,0.0722685,0.0348905,0
77,47,0.051872,0.0050915,0.023675,0.0115345,0.028882,0.014109,0.0464045,0.089959,0,0,0,0,0,0,0,0,0
78,56,0.351651,0.25078,0.343159,0.0170185,0.040731,0.340693,0.075699,0.046373,0.03625,0.481282,0.053224,0.054062,0,0.059179,0.0970585,0.0825515,0.0185
79,47,0,0,0,0,0,0.03757,0,0.262393,0,0.001858,0,0,0,0,0,0,0
80,48,0.038336,0.040236,0.519666,0.0129875,0.0711285,0.02815,0.089489,0.0066535,0,0,0,0,0,0,0,0,0
81,45,0,0.02286,0.042682,0.141464,0.02165,0,0,0.027553,0,0,0,0,0,0.114136,0,0.115925,0.0099
83,55,0.098812,0.404974,0.092951,0.0817425,0.069881,0.1941,0.039459,0.050083,0.164045,0.044828,0.0563945,0.042831,0.191218,0.237569,0.0595285,0,0
84,44,0,0,0,0,0,0,0,0,0.0476,0,0,0,0,0,0,0,0
85,44,0,0.00187599,0,0,0,0,0.007389,0.159405,0,0.002513,0,0,0,0.152811,0.153261,0,0.0344
152,45,0,0,0,0,0,0,0,0.1928,0,0,0,0,0,0.2268,0,0,0.0632
580,43,0,0,0.035441,0,0,0,0,0,0,0.005826,0.047138,0.123389,0.043437,0.45994,0.009846,0,0.028
592,43,0.025915,0,0,0,0,0,0,0.05287,0,0,0.01386,0,0,0,0,0,0
599,40,0,0,0,0,0,0,0,0,0,0,0,0,0,0,0,0,0
617,61,0.06453,0.019716,0.050124,0.0418855,0.3701,0.0440905,0.167892,0.33856,0.370613,0.399276,0.049708,0.375003,0.0831055,0.031662,0.0933095,0.015
680,40,0,0,0,0,0,0
687,45,0,0,0,0,0
86,44,0,0,0.015834,0,0,0,0,0,0,0,0,0,0,0,0,0,0
87,44,0,0,0,0,0,0,0,0,0,0,0,0,0,0,0,0,0
88,46,0.218847,0,0.175081,0,0,0,0.282732,0,0,0,0,0.182613,0.210431,0,0.125316,0,0
89,50,0.0135345,0.011287,0.135377,0.0414145,0.0682825,0.0875895,0.429461,0.214444,0.104061,0.039425,0.369853,0.0858085,0.218086,0.379486,0.0140815,0.0224405,0.0709605
90,48,0,0,0,0,0,0,0,0,0,0,0,0,0,0,0,0,0
91,45,0.0932,0,0.0372,0,0,0,0,0.0168,0,0.0252,0,0.292,0,0,0.0928,0,0
92,43,0,0,0,0,0,0,0,0,0,0,0,0,0,0,0,0,0
93,43,0,0,0,0,0,0,0,0,0,0,0,0,0,0,0,0,0
94,49,0.0480685,0.0239925,0.0710755,0.032267,0.0341205,0.051492,0.247488,0.061702,0.223001,0.334175,0.244655,0.073184,0.0413605,0.0094385,0,0.032188,0.0265495
95,53,0.0491545,0.028377,0.226201,0,0,0,0,0,0.019712,0,0.0389955,0.0629005,0.015975,0,0,0,0
96,39,0,0,0,0,0,0,0,0,0,0,0,0,0,0,0,0,0
97,45,0,0,0,0,0.0029405,0.0042475,0,0,0,0,0.0121485,0,0,0,0,0,0.012
98,50,0.0172375,0.046193,0.008329,0.0262465,0.205214,0.04078,0.211879,0.005374,0.215731,0.040579,0.0925595,0.0695955,0.0449475,0.0173245,0.000866,0.0366855,0.023901
99,76,0.397215,0.0227545,0.707571,0.0760675,0.361122,0.36556,0.408971,0.0727995,0.667585,0.0349725,0.163766,0.054672,0.051563,0.0481785,0.53124,0.355506,0.139634
100,42,0.024033,0,0,0,0,0,0,0,0,0,0,0,0,0,0.017595,0,0
101,48,0.0651495,0.0186335,0.0815095,0.0988075,0,0,0.369947,0.0623165,0.037892,0.194153,0.0582845,0,0.070861,0,0.210596,0.0596745,0.0922095
102,49,0.008,0.0047475,0,0,0,0,0,0,0,0,0,0,0,0,0,0,0
103,45,0,0,0,0,0,0,0,0,0,0,0,0,0,0,0,0,0
104,45,0,0,0,0,0,0.005735,0.069837,0.214639,0,0,0,0.212344,0,0,0,0,0
105,43,0,0,0,0,0,0,0,0.024431,0.087038,0,0,0,0.02516,0.006559,0,0,0.029062
106,51,0,0.0122475,0.192777,0.043618,0.0169025,0.0253415,0.0453655,0,0.011605,0,0,0.01497,0.828184,0.139472,0.338869,0.165717,0.0027855
107,59,0,0,0,0,0,0,0,0,0,0,0,0.009693,0.0277515,0.0080375,0.0397345,0,0
108,73,0,0,0,0,0,0,0,0,0,0,0,0,0,0,0,0,0
109,39,0,0,0,0,0,0,0,0,0,0,0,0,0,0,0,0,0
110,63,0.545568,0.025141,0.438199,0.363457,0,0,0,0.0051115,0.514082,0.023626,0.675293,0.0370775,0.39322,0.0181335,0.403441,0.025468,0.0240125
111,44,0,0,0,0.0096585,0.0432885,0.0256925,0.0073885,0.014824,0,0.0082975,0.0232075,0.008,0.0354005,0.049952,0.108434,0.060388,0
112,45,0,0,0,0,0,0,0,0,0,0,0,0,0,0,0,0,0
314,46,0.0212375,0.0004085,0.002501,0.0210395,0.0703705,0.193009,0.339529,0.0126395,0,0,4.95e-05,0,0.0488585,0.0089035,0.0445555,0,0.0083465
338,41,0,0,0,0,0,0,0,0,0,0,0,0.127201,0,0,0,0,0
602,44,0,0,0,0,0.0213365,0,0,0,0,0,0,0,0,0,0,0,0
634,49,0,0,0,0,0,0,0,0,0,0,0,0,0,0,0
649,40,0,0,0,0,0,0,0,0,0,0,0,0,0.019965,0
661,45,0,0,0,0,0,0,0,0,0,0,0,0,0
674,45,0,0,0,0,0.019168,0.012,0,0.019616
113,52,0.337579,0.18971,0.004745,0.012921,0.01928,0,0,0,0,0.0143615,0.0136705,0.0171705,0.044499,0.018299,0,0.0131855,0
114,45,0,0,0,0,0,0,0,0,0,0,0,0,0,0,0,0,0
115,50,0,0.0342275,0.049017,0.116505,0,0.527435,0.0264965,0.0646745,0.127049,0,0.037472,0,0,0.327979,0.0066355,0.0702465,0.096136
116,40,0,0,0,0,0,0,0,0,0,0,0,0,0,0,0,0,0
118,45,0,0,0,0,0,0,0,0,0,0,0,0,0,0,0,0,0
119,49,0,0,0,0,0,0,0,0,0,0,0,0,0,0,0,0,0
120,44,0.178449,0,0.048979,0.207041,0,0,0,0.11087,0,0,0,0,0.088137,0,0,0,0.173956
121,54,0,0.012458,0.0421445,0.039069,0,0.032211,0.0097675,0.0406535,0.002495,0,0,0,0,0,0,0.091029,0.041898
122,51,0,0,0.032395,0,0,0,0.034013,0.026857,0,0,0,0,0.129858,0,0.177314,0,0.055543
123,55,0,0,0,0.00501,0.0128,0.009396,0,0.0133065,0.339054,0.009,0,0.0126135,0.0060495,0.008604,0.0585905,0.019626,0.0246585
124,50,0.01996,0.0695935,0,0,0,0,0,0,0,0,0,0,0,0,0,0,0
125,65,0,0,0,0,0,0,0,0,0,0,0,0,0,0,0,0,0
126,49,0.0661305,0.057601,0.0785455,0.0583425,0.372684,0,0.0106115,0.061846,0,0.050341,0.0243205,0,0,0,0,0,0
127,50,0,0,0,0,0,0,0,0,0,0,0,0,0,0,0,0,0
128,44,0,0,0,0,0,0.08184,0,0.156309,0,0,0,0,0.044281,0,0,0,0
129,59,0.039641,0.40697,0.404084,0,0.012728,0,0,0,0,0,0.506491,0.557678,0.0648485,0.201274,0.040753,0.0778015,0.0415945
130,45,0,0,0,0,0,0,0,0,0,0,0,0,0,0,0,0,0
131,44,0,0,0,0,0,0,0,0,0.016358,0,0,0,0.181131,0,0.169276,0,0.002951
132,65,0,0,0,0,0,0,0,0,0,0,0,0,0,0,0,0,0
133,45,0,0,0,0,0,0,0,0,0,0,0,0,0,0,0,0,0
134,50,0.077559,0.061237,0.0080495,0,0,0,0,0,0,0,0,0,0,0,0,0,0
135,51,0.220248,0.0476495,0.161465,0.0547715,0.028459,0.01701,0.33032,0,0,0,0,0,0.041724,0.014485,0.309355,0.0177625,0.0241025
136,65,0.399939,0.202459,0.068856,0.06826,0.198479,0.065277,0.245496,0.0406155,0.0655145,0.0528935,0.066177,0.344038,0.392996,0.0429145,0.0495235,0.111283,0.06554
137,44,0,0,0,0,0,0,0,0,0,0.022831,0.0171385,0,0,0,0,0,0
138,45,0,0,0,0,0,0,0,0,0,0,0,0,0,0,0,0,0
139,40,0,0,0,0,0,0,0,0,0,0,0,0,0,0,0,0,0
140,44,0,0,0,0,0,0,0,0,0,0,0,0,0,0,0,0,0
141,49,0.012495,0,0,0,0,0,0,0,0,0,0,0,0,0,0,0,0
142,42,0.292,0.0128,0,0,0,0,0,0,0,0,0,0,0,0,0,0,0
143,55,0,0,0,0,0,0,0,0,0,0,0,0,0,0,0,0,0
144,45,0.216869,0,0,0.221054,0.072427,0,0,0.032078,0,0,0,0,0.048472,0.032474,0,0,0
145,45,0.265727,0.062305,0,0.245826,0,0,0,0.197617,0,0,0,0.020576,0,0,0,0,0
146,45,0,0,0.0168,0.236,0,0,0,0.2992,0,0,0,0.0148,0,0,0,0,0
147,43,0.075759,0,0,0,0,0,0.030716,0,0,0,0,0,0,0,0,0,0
148,57,0.509419,0.426517,0.016394,0.0516505,0.367558,0.0471405,0.395229,0.38578,0.362417,0.187223,0.022345,0.044382,0.0120385,0,0.0269215,0,0
149,47,0.203914,0,0,0,0.018061,0,0.025485,0.023833,0,0.021777,0,0.014257,0,0.034126,0.178109,0.022527,0.345356
595,54,0,0,0,0,0,0,0.00604,0,0,0.0198735,0.028648,0,0,0,0,0.0089955,0.022367
600,50,4.95e-05,0.0186215,0.0614365,0.087119,0,0.031077,0,0.059921,0.0605175,0.109507,0,0.0759465,0.0513685,0,0.0560265,0.083531,0.0386145
601,50,0,0,0,0,0,0,0,0,0,0,0,0,0,0,0,0,0
615,40,0,0,0,0,0,0,0,0,0,0,0,0,0,0,0,0,0
618,55,0.017438,0.01813,0.0462585,0.0205015,0.306574,0.430575,0.204745,0.206946,0.0510705,0,0.167409,0.0364335,0.0068415,0.05891,0.0045295,0.009431
628,45,0,0.048979,0,0,0,0.174591,0.128208,0.074796,0,0,0,0,0,0,0
629,55,0,0,0,0,0,0,0,0,0.35676,0.0103245,0.038801,0.037711,0.0209645,0,0
663,40,0,0,0,0,0,0,0,0,0,0,0,0
668,39,0,0,0,0,0,0,0,0,0
681,40,0,0,0,0,0,0
685,40,0,0,0,0,0
150,45,0,0,0,0,0,0,0,0,0,0,0,0,0,0,0,0,0
151,45,0,0,0,0,0,0,0,0,0,0,0,0,0,0,0,0,0
153,43,0,0,0,0,0,0,0,0.088303,0,0,0,0.005351,0.010377,0,0,0,0
154,39,0,0,0,0,0,0,0,0,0,0,0,0,0,0,0,0,0
155,39,0,0,0,0,0,0,0,0,0,0,0,0,0,0,0,0,0
157,49,0.0510205,0.0187865,0.075125,0.0788605,0.26442,0.06835,0.0475785,0.224622,0.0887255,0.371338,0.0844615,0.0513285,0.087782,0.0722525,0.192074,0.094615,0.0165
158,44,0,0,0,0,0,0,0,0,0,0,0,0,0,0,0,0,0
160,47,0,0,0,0,0,0,0,0,0,0,0,0,0,0,0,0,0
161,48,0,0,0,0,0,0,0,0,0,0,0,0,0,0,0,0,0
162,46,0,0,0.047885,0.135201,0.236428,0,0,0,0,0,0,0,0.183755,0,0,0,0.0788
163,52,0.05624,0,0.007207,0.120087,0.205892,0,0,0,0.024132,0,0.036773,0.021013,0.380326,0,0.054359,0.175363,0
164,54,0,0,0,0,0,0,0,0,0,0,0,0,0,0,0,0,0
165,49,0,0,0,0,0,0,0,0,0,0,0,0,0,0,0,0,0
166,55,0.008032,0.004099,0,0,0.02442,0,0,0,0,0,0,0.002,0,0.0149255,0,0,0
167,42,0,0,0,0.140107,0.039678,0,0,0,0,0,0,0,0,0.234882,0,0,0.0388
168,51,0.074462,0.065909,0.0581865,0,0.0813175,0.021365,0.104203,0.025685,0.0204645,0.017151,0.207485,0.589759,0.374432,0.297135,0.372698,0.230412,0.028
169,59,0,0,0,0,0,0,0,0,0,0,0,0,0,0,0,0,0
170,40,0,0,0,0,0,0,0,0,0,0,0,0,0,0,0,0,0
171,49,0,0,0.022516,0,0,0,0.003384,0,0,0,0.017894,0,0.013451,0.241556,0,0.050629,0.0153
172,48,0,0,0,0,0,0,0,0,0.016016,0,0.022965,0,0,0,0,0,0
173,44,0,0,0,0,0,0,0,0,0,0,0,0,0,0,0,0,0
174,45,0.0807065,0,0,0,0,0.0098315,0,0.010289,0.211686,0.043667,0.037996,0,0.045688,0,0.0287735,0,0
175,63,0,0,0,0,0,0,0,0,0,0,0,0,0,0,0,0,0
176,45,0,0,0,0,0,0,0,0,0,0,0,0,0,0,0,0,0
177,63,0,0.698253,0.0230655,0.059542,0.08093,0.143018,0.421982,0.0425115,0.080156,0.0158525,0.0539135,0.100747,0.166144,0.561251,0.005129,0.262842,0
178,47,0.0061485,0,0,0,0,0,0,0,0,0,0,0,0,0,0,0,0
179,62,0,0,0.0465905,0,0,0.0041485,0.0472765,0,0.042531,0,0.030921,0,0,0,0,0,0
180,83,0.047939,0.504109,0.388882,0.024626,0.799415,0.209266,0.0606245,0.34484,0.387776,0.0664045,0.0517395,0.548243,0.363936,0,0.0261415,0.384876,0.00325
181,58,0.0364235,0.0315785,0.0256185,0.342515,0.041095,0.0225365,0.044771,0.0097135,0.0086475,0,0.016,0,0.0156975,0.521846,0.0020495,0,0
182,112,0.092409,0.673877,0.279425,0.0731745,0.35495,0.738896,0.311231,0.0440875,0.378477,0.136254,0.051645,0.0987865,0.579859,0.418729,0.822006,0.158153,0.03225
183,44,0,0,0,0,0,0,0,0,0,0,0,0,0,0,0,0,0
184,45,0,0.017881,0,0.070602,0,0.02194,0,0,0,0,0,0,0,0.012396,0,0,0
185,48,0,0,0.0624,0.3288,0.356,0,0.096,0,0,0,0,0,0.234,0,0,0,0.0584
187,42,0,0,0,0.104594,0.206651,0,0.016764,0,0,0,0,0,0,0,0,0,0.0788
189,44,0,0,0.096188,0.186802,0,0,0,0,0,0.016956,0.054519,0.01698,0.086857,0,0,0,0
386,62,0,0,0,0.189825,0.192466,0.335048,0.100479,0,0,0,0,0.0026435,0.039679,0.322886,0.390128,0.11265,0.014
560,62,0.0404695,0.169585,0,0.0309965,0.025104,0.0357675,0.0326325,0.0417625,0.268339,0.045568,0.392622,0,0.0418465,0,0.0759585,0,0.00925
575,40,0,0,0,0,0,0,0,0,0,0,0,0,0,0,0,0,0
581,42,0,0,0,0,0,0,0,0,0,0,0,0,0,0,0,0,0
621,60,0.333743,0.0250745,0.002263,0.030083,0,0.016532,0,0,0,0,0.0825895,0.010036,0.25166,0,0,0
695,45,0,0
696,45,0,0
697,40,0,0
11,59,0,0,0,0.071646,0.040471,0.0227785,0.0329855,0.114213,0.013705,0.0606195,0,0,0.0132375,0.009,0,0.179494,0.0082575
159,44,0,0,0,0,0,0,0,0.052445,0.225033,0.157426,0,0,0.081248,0.161605,0,0.310794,0
190,45,0,0,0,0,0,0,0,0,0,0,0,0,0,0,0,0,0
193,49,0.017584,0,0.163951,0.004408,0,0,0,0,0,0.008099,0,0.036772,0,0.0092805,0,0.009399,0.0011705
194,44,0,0,0,0,0.140095,0,0,0,0,0,0,0.024297,0,0.024657,0,0,0
195,43,0,0,0,0,0,0,0,0,0,0,0,0,0,0,0,0,0
196,43,0,0,0,0,0,0,0.144419,0,0,0.00416,0,0.024099,0,0,0,0,0
197,45,0,0,0,0,0,0,0,0,0,0,0,0,0,0,0,0,0
199,66,0.090154,0.105995,0.357858,0.109564,0.0809135,0.074584,0.074951,0.095576,0.22306,0,0,0,0.0760695,0.250224,0.0204505,0.056794,0
200,45,0,0,0,0,0.156128,0.253203,0.011542,0,0.188392,0.177802,0,0,0.217612,0.200679,0,0,0
201,44,0,0,0.0092,0,0.252,0,0,0,0.2612,0,0,0,0,0.2404,0,0.02,0
202,43,0,0,0,0,0,0,0,0,0,0,0,0,0,0,0,0,0
203,49,0.037249,0,0,0.032242,0.006905,0.0120495,0,0.0859575,0.076549,0.011718,0,0.0297855,0.073563,0.0622635,0.383602,0.026677,0.0478625
205,51,0.017776,0.0254315,0.06188,0.0185745,0.052816,0.0241455,0.014475,0.054883,0.0204575,0.0829225,0.0085855,0,0,0,0,0.042036,0
206,48,0.034811,0.0254825,0,0,0.01772,0.0671945,0.009787,0.058343,0.017834,0,0,0,0.0568575,0.018683,0.075476,0.0407075,0.0138305
207,72,0.0068245,0.0472295,0.020213,0.688456,0.016158,0.0242655,0.0485305,0.029235,0.355225,0.044906,0.0349345,0.208133,0.034736,0.410681,0.044787,0,0.092786
208,44,0,0,0,0,0,0,0,0,0,0,0,0,0,0,0,0,0
209,39,0,0,0,0,0,0,0,0,0,0,0,0,0,0,0,0,0
210,48,0,0,0,0.200656,0.184167,0,0,0,0.189,0,0,0,0,0.194715,0,0.453015,0
211,47,0.031788,0,0,0,0.144489,0,0,0.00941799,0.124167,0.000942994,0,0,0.284629,0.167381,0.076036,0,0
212,45,0,0,0,0,0,0,0,0,0,0,0,0,0,0,0,0,0
213,45,0,0,0,0,0,0,0,0,0,0,0,0,0,0,0,0,0
214,47,0,0.0125445,0.0123465,0.0126435,0.0369425,0.0124805,0,0.034474,0,0.012495,0.0144475,0.0213035,0.0126435,0,0,0,0.004317
215,43,0,0,0,0,0,0,0,0,0,0,0,0,0,0,0,0,0
216,47,0.08185,0.0714855,0.0826135,0.08449,0.012594,0.103846,0.004777,0,0.0526535,0,0,0,0,0,0,0,0
445,40,0,0,0,0,0,0,0,0,0,0,0,0,0,0,0,0,0
585,57,0.0122475,0.031928,0.0527435,0.157486,0.077214,0.0046435,0.035868,0.0132675,0.0984305,0.084039,0.0307565,0.535591,0.1072,0.031804,0.0260055,0.818341,0.34258
644,44,0,0,0,0,0,0,0,0,0,0,0,0,0,0,0
645,45,0,0,0,0,0,0,0,0,0.0544615,0.336062,0.046452,0.014725,0.0439075,0.012495,0.0146205
646,45,0,0,0,0,0,0.0143585,0,0,0.0101285,0,0,0,0,0,0
647,45,0,0,0,0,0,0,0,0,0,0,0,0,0,0,0
650,45,0,0.09899,0.156987,0,0,0.15705,0,0,0,0.046462,0.233688,0.143936,0.021854,0
666,40,0,0,0,0,0.035013,0,0,0,0,0,0
676,45,0,0,0,0,0,0,0
156,54,0,0,0,0,0,0,0,0,0,0,0,0,0,0.0053025,0,0
217,51,0,0,0,0,0.055903,0.030083,0.066181,0.0652335,0.066758,0,0.0895315,0.033136,0.0332635,0.038024,0.045443,0.01225
218,50,0.006,0.000495,0.0092475,0.003,0,0,0,0,0.371145,0.02382,0.018495,0.0260675,0.0175335,0,0,0
219,48,0,0,0,0,0,0.0541,0,0,0.032756,0.024429,0.151228,0.209876,0,0.247431,0.153637,0.0201
220,55,0.019201,0.013394,0.511325,0.346726,0.0556305,0,0.038512,0.0801895,0.034109,0.0276225,0.0606745,0.0585565,0.019791,0.157631,0.022515,0
221,43,0,0,0,0,0,0,0,0,0,0,0,0,0,0,0,0
222,48,0,0.0023975,0.056343,0.003465,0,0.014864,0.027968,0.069032,0.0814175,0.0511625,0.078488,0.123433,0.0017045,0.0508335,0.0823385,0.008
223,49,0,0,0,0.040179,0.0243185,0.008,0.073628,0,0,0,0,0,0,0,0,0
224,52,0.0552395,0.0037685,0.128994,0.0232995,0.0075365,0.138327,0.024342,0.0880815,0.013136,0,0.012,0,0.006725,0.00642,0.0267225,0.016
225,40,0,0,0,0,0,0,0,0,0,0,0,0,0,0,0,0
226,44,0.0133935,0,0.0346705,0.00196,0.0102275,0,0.013782,0,0,0,0,0,0,0,0,0
227,39,0,0,0,0,0,0,0,0,0,0,0,0,0,0,0,0
228,41,0,0,0,0,0,0,0.159351,0.408775,0,0,0,0,0,0,0,0
229,49,0,0,0,0,0,0,0,0,0,0,0,0,0,0,0,0
230,53,0.0203055,0.124532,0.302305,0.547477,0.122943,0.657421,0.041764,0.238294,0.05431,0.068872,0,0.133925,0.0644915,0.329526,0,0
231,43,0,0,0,0.01389,0,0,0,0.228075,0.035768,0.00178,0.145377,0.2473,0,0.360017,0.186289,0.0361
232,54,0.012594,0.0017235,0.0698595,0.0281905,0.394792,0.092912,0.063222,0.391282,0.028732,0.036312,0.0820405,0.125349,0.0417,0.0242275,0.045061,0.015
234,44,0,0,0,0,0,0,0,0,0,0,0,0,0.072343,0,0,0
235,49,0,0,0,0,0,0,0.278,0.23,0,0,0.2868,0.216,0,0.2393,0.2512,0.0548
236,48,0,0,0,0,0,0.030366,0.173217,0.178229,0,0.066171,0.227125,0.262531,0,0.240064,0.163434,0.0121
237,49,0,0,0,0,0,0,0,0,0,0,0,0,0,0,0,0
238,47,0,0,0,0,0.264891,0.138096,0.115674,0.204456,0.226631,0,0.193407,0.29092,0,0.441633,0.121868,0.0541
577,51,0,0.012553,0,0.0047425,0.0807695,0.0410895,0,0,0.021753,0.118539,0.0891065,0.029378,0.016375,0.029346,0.041695,0
582,46,0,0,0,0,0,0,0,0,0,0,0,0,0.021363,0,0,0
603,45,0,0.0170695,0,0,0,0,0,0,0,0,0,0,0,0,0,0
614,45,0,0,0,0,0,0,0,0,0,0,0,0,0,0,0,0
624,40,0,0,0,0,0,0,0,0,0,0,0,0,0,0,0
627,40,0,0,0,0,0,0,0,0,0,0,0,0,0,0,0
651,50,0.0082505,0.0628355,0.058962,0,0.0264255,0.027873,0.044748,0.083866,0.005834,0.0158115,0.335335,0.039002,0.008
678,45,0,0,0,0,0,0
10,50,0,0.01299,0,0.0191335,0.35246,0.0169635,0.168982,0.0362335,0.0277815,0.125243,0.125356,0.066762,0.127152,0.029116,0,0,0
19,54,0.047861,0.367055,0.0583225,0.258934,0.3443,0.086142,0.0097645,0.0036755,0.215014,0.128516,0.423061,0,0.074734,0.0511405,0.003188,0.0136775,0
191,42,0,0,0,0.047678,0.034917,0.219055,0,0,0,0,0.214614,0,0,0,0,0,0
239,47,0.032516,0.264224,0.375688,0.0892935,0.25269,0.050899,0.0409375,0.0517495,0.0738985,0.206034,0.0213685,0,0,0.0133665,0.00621,0.031655,0
240,50,0.10155,0.147482,0.05487,0.0559555,0.0555685,0.191096,0.372428,0.0427485,0.056417,0.058071,0.126361,0.036342,0,0.132597,0.03365,0.3272,0
241,45,0,0,0.01147,0.024863,0.00373999,0.167049,0,0,0.001057,0.050287,0.149898,0,0,0,0,0,0.0287
242,40,0,0,0,0,0,0,0,0,0,0,0,0,0,0,0,0,0
243,48,0.0089625,0.0017325,0.0122475,0.0433975,0,0,0.036935,0.054739,0,0.0263035,0.015715,0.0229795,0.280582,0,0,0,0.00825
244,42,0,0,0,0,0,0,0,0,0,0.048881,0,0,0.023499,0,0,0,0.0127
245,44,0,0,0,0,0.016386,0.03338,0,0,0.051979,0,0,0,0.042437,0,0,0,0.0207
246,45,0,0,0,0,0,0,0,0,0,0,0,0,0,0,0,0,0
247,58,0.0322205,0.362283,0.085661,0.077793,0.29559,0.09561,0.0993235,0.0580875,0.373188,0.107627,0.298677,0.320569,0.234883,0.668312,0.029121,0.051153,0.0175
248,50,0,0.0356,0.042,0.0096,0,0.198,0,0,0.1084,0.0064,0.2792,0,0,0,0,0,0.0256
249,48,0.0614275,0.055224,0.038054,0.037148,0.0288875,0.045608,0.0143875,0,0,0,0,0.0157935,0.05229,0,0.02419,0.051028,0
250,40,0,0,0,0,0,0,0,0,0,0,0,0,0,0,0,0,0
251,55,0.061781,0.089528,0.0389945,0.0071685,0.176161,0.006396,0.339554,0,0.0090495,0,0.0066435,0.016797,0.001287,0.0297335,0.015495,0.349759,0.012
252,56,0.0092475,0.0062475,0.0303925,0.379988,0.368766,0.400324,0.239971,0.365345,0.0885875,0.0377565,0.177497,0.0366325,0.059186,0.0081285,0.355087,0.01305,0
253,45,0,0,0,0,0,0,0,0,0,0,0,0,0,0,0,0,0
254,47,0.017089,0.013666,0.012,0.033306,0,0.0132375,0,0,0.000176,0,0.0088415,0,0,0,0,0,0
255,49,0,0.300234,0.212416,0.026284,0,0.202607,0,0,0.024915,0.280231,0.165497,0,0.027546,0.249108,0,0.298829,0.0452
256,50,0.006,0,0,0,0,0,0,0,0,0,0,0,0,0,0,0,0
257,45,0,0,0.025254,0,0,0.145114,0,0,0,0.050189,0.20881,0.057392,0.102727,0,0.126262,0,0
258,50,0,0,0,0,0,0,0,0,0,0,0,0,0,0,0,0,0
259,52,0.0103195,0.0049735,0.012,0,0,0,0,0.017933,0.002844,0.636904,0.335186,0,0.0210325,0.0360865,0.0176335,0.0266445,0.013
579,42,0,0,0,0,0,0,0,0,0,0,0,0,0.01606,0,0,0,0
586,44,0,0,0,0,0,0,0,0,0,0,0,0,0,0.0222,0.024066,0,0
604,45,0,0,0,0,0,0,0,0,0,0,0,0,0,0.014871,0,0,0.02425
605,45,0,0,0,0,0,0,0,0,0,0,0,0,0,0,0,0,0
622,50,0,0.0300085,0.0223185,0.0262395,0.016158,0.0092495,0.0251305,0.0653005,0.112066,0.06961,0,0.057354,0.0175735,0.093147,0.0376455,0.016
690,40,0,0,0,0,0
260,48,0.00801,0,0.0082025,0,0,0,0,0,0,0,0,0.009198,0,0.0130915,0.012099,0.0137085,0.0172935
261,40,0,0,0,0,0,0,0,0,0,0,0,0,0,0,0,0,0
262,49,0,0,0,0,0,0,0,0,0,0,0,0,0.021881,0.031396,0,0,0.025188
263,40,0,0,0,0,0,0,0,0,0,0,0,0.00178,0,0,0.041869,0.051846,0
264,48,0,0,0,0.019022,0.09337,0.0191935,0.018388,0.0093115,0.009265,0.01099,0,0.197821,0.0179305,0.05315,0.003089,0.0733275,0
265,51,0.0425865,0.0120495,0.012547,0.02499,0.0144255,0,0.02442,0.036479,0.186694,0.015807,0,0.0321695,0.009517,0.023633,0.330402,0.161095,0.007065
266,40,0,0,0,0,0,0,0,0.001652,0,0,0,0,0.016442,0.019661,0,0,0
267,45,0,0,0.298676,0.155884,0,0.095093,0,0,0,0.239338,0,0,0.009267,0.046646,0,0,0
268,56,0.0414945,0,0.362572,0,0.022436,0.676702,0.374721,0.0230235,0.33556,0.0292495,0.526627,0.052693,0.009359,0.02853,0.055744,0.043505,0
269,40,0,0.024,0,0,0,0,0,0,0,0,0,0,0,0,0,0,0
270,40,0,0,0.013474,0.136496,0,0,0,0,0,0,0,0,0,0,0,0,0
271,49,0.000255,0.0056485,0,0,0,0,0,0,0,0,0,0,0,0,0,0,0
272,54,0,0,0,0.0157125,0.0398775,0.00999,0.006,0.0104655,0.513632,0,0.006134,0,0,0,0,0,0
273,45,0,0,0,0,0,0,0,0,0,0,0,0,0,0,0,0,0
274,52,0.044885,0,0.08139,0.0084805,0.083696,0.190222,0,0.0541555,0,0.0542225,0.0138385,0.353506,0.028727,0.025438,0.0242175,0.110085,0
275,39,0,0,0,0,0.028997,0,0,0,0,0,0,0,0,0,0,0.021758,0.016746
276,45,0,0,0,0,0,0,0,0,0,0,0,0,0,0,0,0,0
277,44,0.0279895,0,0,0.023465,0,0.0127425,0,0,0,0,0.016,0,0,0,0,0,0
278,49,0.0549095,0.029167,0.0610875,0.0235685,0.364169,0.0277,0.0155245,0.075704,0,0.242539,0.065098,0.0759665,0.0560985,0.053274,0.051001,0.0531325,0.036847
279,40,0,0,0,0,0,0,0,0,0,0,0,0,0,0,0,0,0
280,40,0,0,0,0,0,0,0,0,0,0,0,0,0,0,0,0,0
281,48,0.0057995,0.013465,0,0,0,0.023149,0.0100545,0.0060455,0,0,0,0.0151185,0.0331915,0.0235665,0.117379,0.313193,0.0127425
282,40,0,0,0.06203,0.196291,0,0,0,0,0,0,0,0,0,0,0,0,0
283,43,0,0,0,0,0,0,0,0,0,0,0,0,0,0,0,0,0
284,40,0,0,0.009026,0,0,0,0,0,0,0,0,0,0,0,0,0,0
359,48,0,0,0.026903,0.047897,0,0.064688,0.0059675,0.0469695,0.027397,0.0036075,0,0,0,0,0,0,0.0228735
568,44,0,0,0.00199999,0.3036,0,0,0,0,0,0,0.0372,0.00799999,0.0028,0,0,0.0992,0
583,40,0,0,0,0,0,0,0,0,0,0,0,0,0,0,0,0,0
611,58,0.0152815,0.282095,0.030765,0,0.0241365,0.0098665,0.016587,0.0503695,0.336898,0.011565,0.362155,0.032199,0,0,0.0896715,0,0.00466
619,45,0,0.0324645,0,0.0195785,0,0,0,0.0254125,0,0.0230125,0.03424,0.0015665,0.0526775,0.002,0.077885,0.0043835
630,41,0,0.209988,0,0,0,0,0,0.002016,0,0.071166,0,0,0,0,0
631,55,0.0132085,0.010599,0.045534,0.194575,0.0004975,0.0201315,0.007584,0.007515,0.0187105,0.0446975,0.0451815,0.04164,0.006468,0.17218,0
632,49,0.034774,0.024171,0,0.0307295,0.0215345,0,0.008396,0,0,0,0,0,0,0,0
117,49,0.0622435,0.193598,0.308982,0,0,0.185094,0.416696,0.383146,0.072699,0.112316,0.0360515,0,0.352051,0.057588,0,0,0
192,52,0,0.0316105,0.0492115,0.02546,0.025338,0,0.0411505,0.33228,0,0.349319,0.0151575,0.328141,0,0,0.0319035,0,0
198,51,0.0125965,0.0300545,0,0,0.0173665,0.009,0.0088425,0,0,0,0.01599,0,0,0,0,0,0
285,44,0.0122475,0,0,0,0,0,0.0001485,0,0.00949,0.0187255,0.0402185,0.020705,0.007965,0.037583,0.0411825,0,0
286,45,0,0,0,0,0,0,0,0,0,0,0,0,0,0,0,0,0
287,43,0,0,0,0.007485,0,0,0,0,0,0,0,0,0,0,0,0.0175385,0
288,40,0,0,0,0,0,0,0,0,0,0,0,0,0,0,0,0,0
289,48,0,0,0,0,0,0,0,0,0,0,0,0.0164435,0.014243,0.353575,0.009297,0.00795,0
290,52,0.005354,0.0292455,0.0120495,0,0,0,0.008198,0.0228715,0,0,0,0.162258,0.01398,0.006943,0.463278,0.0122475,0
291,40,0,0.138091,0,0,0.003884,0,0.158083,0,0,0.021957,0,0,0,0,0.015063,0,0
292,44,0,0,0,0,0,0,0,0,0,0,0,0,0,0,0,0,0
293,45,0.0208,0,0,0,0,0,0.1536,0,0,0,0,0,0,0,0,0,0
294,39,0,0,0,0,0,0,0,0,0,0,0,0,0,0,0,0,0
295,44,0.039223,0,0,0,0.072771,0.086051,0.306004,0,0,0,0,0,0,0,0,0,0
296,45,0,0,0,0,0.043423,0,0.145709,0,0,0.056743,0,0,0,0.179359,0,0,0
297,45,0,0,0,0,0,0,0,0,0,0,0,0,0,0,0,0,0
298,52,0.0267985,0.013386,0.0352575,0.311778,0.42119,0.0215585,0.0128045,0.073043,0,0.039836,0,0.0084305,0.0583535,0.0063815,0.0228435,0,0.011
299,47,0.0166685,0.0046435,0.0090695,0,0,0,0,0,0,0.026171,0.008594,0.013931,0,0.237941,0.017955,0.0092445,0
300,50,0.0721545,0.079406,0.184804,0.383152,0.085843,0.172062,0.0667245,0.052378,0.025666,0.0443895,0.0638765,0,0,0.141706,0,0,0
301,40,0,0,0,0,0,0,0.177364,0,0,0,0,0,0,0,0,0,0
302,41,0,0,0,0,0,0,0,0,0,0,0,0,0,0,0,0,0
303,40,0,0,0,0,0,0,0,0,0,0,0,0,0,0,0,0,0
304,40,0,0,0,0,0,0,0,0,0,0,0,0,0,0,0,0,0
305,39,0,0,0,0,0,0,0,0,0,0,0,0,0,0,0,0,0
306,56,0.391587,0.009792,0.0122525,0.381671,0.019924,0.025645,0.0218125,0.358793,0.407122,0.195071,0,0.0214975,0.178761,0.34748,0.528998,0.0182085,0.003
307,40,0,0,0,0,0,0,0,0,0,0.03653,0,0,0,0.079297,0,0,0
308,40,0,0,0,0,0,0,0,0,0,0,0,0,0,0,0,0,0
309,45,0.0758275,0.0521595,0.040655,0.038237,0.092972,0.0005755,0,0.213145,0.21368,0.0776285,0.0721925,0.004099,0,0,0,0,0
501,48,0,0.017188,0.043854,0.0474885,0,0,0.061424,0.0107745,0,0,0,0.013707,0.019814,0,0.008982,0,0.006
570,52,0.292383,0.044709,0.039234,0,0.0121485,0.002,0.00977,0.218426,0.037287,0.094072,0.059879,0,0,0,0,0,0
606,45,0,0,0,0,0,0,0,0,0,0,0,0,0,0,0,0,0
616,40,0,0,0,0,0,0,0,0,0,0,0,0,0,0,0,0,0
635,48,0.0154555,0,0.045897,0,0,0.0380085,0.0031535,0.024955,0,0,0,0.57757,0.042615,0.035056,0.00225
694,45,0,0
310,54,0.262,0.2356,0.2556,0,0,0,0.3,0,0,0,0,0,0,0,0,0
311,70,0.307111,0.278692,0.116154,0,0.406976,0,0.278162,0.027992,0,0.144322,0.050181,0,0.270784,0.308795,0,0
312,45,0,0,0,0,0,0,0,0,0,0,0,0,0,0,0,0
313,47,0.052469,0.034599,0.016577,0,0,0,0,0,0,0.032,0.166999,0,0,0,0,0
315,45,0,0,0,0,0,0,0,0,0,0,0,0,0,0,0,0
316,71,0,0.009594,0.0149925,0.022326,0.365671,0,0,0.0319005,0.167557,0.0596455,0.390547,0.057044,0.03093,0.0077985,0.162349,0
317,72,0.362301,0.226547,0.00111,0.0302715,0,0.306352,0.330489,0.0082475,0,0,0,0,0,0,0.374079,0
318,45,0,0,0,0,0,0,0,0,0,0,0,0,0,0,0,0
319,52,0,0.01451,0,0,0,0,0,0,0,0,0,0,0.0211385,0,0.039402,0
320,46,0,0.012,0,0,0,0,0.022784,0,0.0121485,0.0201085,0.0122475,0.0137625,0,0,0,0
321,71,0.000951,0.0136735,0.020704,0.0103365,0.05587,0.012379,0.248997,0.0269825,0.0203785,0.3729,0.021705,0.0728935,0.404667,0.0470115,0.41465,0
322,49,0,0,0,0,0,0.041089,0,0.044175,0,0.096324,0,0,0.187888,0,0,0
323,50,0.041967,0.074358,0.086294,0.0856105,0.122219,0.092138,0.104439,0.045762,0.042237,0.07049,0.0953725,0.265532,0.0495435,0.0108335,0.049479,0
324,53,0,0,0,0.0089925,0.032735,0.0393775,0.077459,0.57645,0.0438465,0.179653,0.0574775,0.0496885,0.0364495,0.378995,0.033644,0
325,45,0,0,0,0,0.3368,0,0,0,0,0,0.1748,0,0.2272,0,0,0
326,51,0.096285,0.264377,0.191114,0.013486,0.376834,0.170704,0.172098,0,0,0,0.175134,0,0,0,0,0
327,74,0.111927,0.606503,0.657916,0.035144,0.694328,0.0351865,0.033678,0.0258375,0.145373,0.0083015,0.073381,0.0518205,0.164265,0.002053,0.0113715,0
328,134,0.549738,0.403545,0.708526,0.074479,0.343999,0.408084,0.047149,0.538444,0.374398,0.385237,0.549154,0.652545,0.516441,0.795094,0.187163,0
329,62,0.0414605,0.0777885,0.081434,0.103219,0.147484,0.0601675,0.0103855,0,0.0311645,0.026239,0.079761,0.0362425,0.115558,0.061915,0,0
330,44,0,0,0,0,0,0,0,0,0,0,0,0,0,0,0,0
331,44,0,0,0,0,0,0,0,0,0,0,0,0,0,0,0,0
332,40,0,0,0,0,0,0,0,0,0,0,0,0,0,0,0,0
333,39,0.052079,0,0,0,0,0,0,0,0,0,0,0,0,0,0,0
334,40,0,0,0,0,0,0,0,0,0,0,0,0,0,0,0,0
335,59,0.197163,0.286183,0.173728,0,0.249939,0.075898,0.020592,0.001096,0,0,0.264226,0,0.173142,0,0,0
336,63,0.254942,0.077645,0.25019,0.053796,0.050099,0.0661365,0.053401,0.047947,0.0169405,0.023415,0.046331,0.455829,0.145227,0.0043315,0.11381,0
337,46,0.024158,0,0.032225,0.027188,0,0,0.205214,0,0.028768,0.184093,0,0,0,0,0,0
339,65,0.183759,0.251443,0.198362,0.021724,0.197969,0.025294,0.24639,0,0.173559,0.139281,0.194952,0,0.217605,0,0,0
636,68,0,0,0.0101945,0,0,0,0,0,0,0,0,0,0,0
660,40,0,0,0.0544,0,0,0,0,0,0,0,0,0
669,40,0,0,0,0,0,0,0,0
688,45,0,0,0,0
692,40,0,0,0
340,53,0.200074,0.061206,0,0.008145,0.014184,0.015619,0,0,0.251773,0,0,0,0,0.035266,0,0,0
341,53,0,0,0.030587,0,0,0,0,0,0,0,0,0,0,0.173298,0,0,0
342,63,0.262249,0.0451295,0.283855,0.012099,0.072006,0.088168,0.306667,0.083098,0.0894815,0.0516535,0.0222835,0.0857995,0.061589,0.46456,0.202526,0.0382475,0.057352
343,47,0,0,0,0,0,0,0,0,0,0,0,0,0,0,0,0,0
344,40,0,0,0,0,0,0,0,0,0,0,0,0,0,0,0,0,0
345,95,0.0778385,0.593104,0.171106,0.081344,0,0,0,0,0,0,0,0.057427,0.0336895,0.601439,0.068278,0.197102,0
346,62,0.11816,0.078375,0.116361,0,0.0374775,0.0095865,0.309979,0.244358,0,0.04691,0,0,0.047181,0.551572,0.0170815,0.052225,0.016495
347,54,0.2596,0,0.0108,0.2921,0,0,0,0,0.2216,0,0,0,0,0,0,0,0
348,91,0.0305365,0,0,0,0.0349585,0.0638325,0.0991955,0.178786,0.154616,0.091852,0.106943,0.0082715,0.006144,0,0,0.082257,0.401837
349,64,0,0.009122,0.0999725,0.084799,0.0454575,0.281859,0.0526755,0.0841685,0,0,0,0.0143685,0.01826,0.125039,0.016396,0,0.0793455
350,61,0.222645,0.053636,0.089552,0.061978,0,0.252411,0,0.283487,0.290347,0.141847,0,0,0,0.133246,0,0.106497,0
351,149,0.362695,0.718077,0.716404,0.705082,0.416887,0.0922345,0.076156,0.030203,0.39124,0.056571,0.389448,0.0739975,0.052091,0.228886,0.380006,0.0366855,0.026364
352,70,0,0,0,0,0,0,0,0,0,0,0,0,0,0,0,0,0
353,53,0,0,0,0,0,0,0,0,0,0,0,0,0,0,0,0,0
354,54,0.382288,0.082013,0.093021,0.0131285,0.233861,0.045969,0.646397,0.067484,0.069275,0.0425155,0.145443,0,0,0,0,0.011779,0.047948
355,46,0.154959,0.046174,0.239112,0,0,0,0.023478,0.05185,0.208675,0.048308,0,0,0,0.022584,0.011998,0,0
356,49,0,0.012396,0.198071,0.012495,0,0,0.012495,0.0257775,0.256752,0.108166,0.0243735,0,0,0.0082475,0.281956,0.049346,0
357,46,0,0.014114,0,0,0,0,0,0,0,0,0,0,0,0.012,0,0,0
358,52,0,0,0,0,0,0,0,0,0,0,0,0,0,0.2684,0,0,0
360,63,0,0,0,0.0658305,0.02223,0,0,0,0,0,0,0,0,0,0,0,0
361,54,0.190551,0.006941,0,0.022932,0,0,0,0.033149,0.253115,0,0,0,0,0.183859,0,0,0
362,53,0,0.052942,0,0,0.273909,0,0,0.256653,0.024,0,0,0,0,0,0,0,0
363,52,0,0,0.02163,0,0.069746,0.00694699,0,0,0,0,0,0,0,0.019011,0,0,0
571,64,0.0618,0.377325,0,0.066418,0.238366,0.0504475,0,0.110833,0.225816,0,0.0918245,0.028421,0.002666,0.012891,0.0219445,0,0.028071
607,49,0,0,0,0,0,0,0,0,0,0,0,0,0,0,0,0,0
625,65,0.0133195,0.03839,0.090894,0.048744,0.085994,0.0512395,0.107831,0.021683,0.218213,0.0623885,0.073291,0.0294725,0.098778,0.0531875,0.0639865,0.025663
626,45,0,0,0,0,0,0,0,0,0,0,0,0,0,0,0,0
671,45,0,0,0,0,0,0,0,0
672,40,0,0,0,0,0,0,0,0
675,40,0,0,0,0,0,0,0
698,45,0,0
364,53,0.0634275,0.315064,0.0412525,0.305393,0.062159,0.0331635,0,0,0.0327105,0,0.252838,0.262454,0.455654,0.01199,0.210257,0.565656,0.03125
365,57,0,0.0108535,0,0,0,0,0.022404,0,0,0,0,0,0,0.0363035,0,0.009339,0
366,84,0.102274,0.0994195,0.048274,0.227319,0.094781,0,0.0686525,0.245374,0.106949,0.449498,0.692843,0.090563,0.368174,0.058527,0.349707,0.415916,0.00825
367,43,0,0,0,0,0,0,0,0,0,0,0,0,0,0,0,0,0
368,48,0.132147,0.0517235,0.0002475,0.0171605,0,0.0634055,0.026685,0.138458,0.456954,0.0316105,0.082553,0.023655,0.0702985,0,0,0,0
369,52,0.201806,0,0,0.42929,0.281152,0,0.199239,0,0,0,0.030085,0.00333999,0.172508,0,0,0,0.0139
370,53,0,0,0.0143785,0.0907085,0.0953515,0.030224,0.075201,0.102376,0.067979,0,0.023576,0.037747,0,0,0,0,0
371,44,0.014662,0,0,0.025749,0,0,0.263728,0,0,0,0.048249,0,0,0,0,0,0
372,61,0.190709,0.024736,0.022351,0.331315,0.0184685,0.018023,0.0671755,0.472736,0.04105,0.0423435,0.310695,0.0298405,0.014733,0.029814,0.160902,0,0
373,45,0,0,0,0,0,0,0,0,0,0,0,0,0,0,0,0,0
374,40,0,0,0,0,0,0,0,0,0,0,0,0,0,0,0,0,0
375,69,0,0,0,0,0.0115375,0.0063985,0.0132375,0.379434,0.060046,0.169826,0.011478,0.0227225,0,0.0157425,0.371765,0.031445,0
376,43,0,0,0,0,0,0,0.00565,0.020166,0,0.036855,0,0,0,0,0,0.02466,0
377,49,0.172096,0.00340199,0.03076,0,0,0,0,0,0,0,0,0,0.016758,0,0.078341,0.006991,0.0139
378,52,0.0932815,0.0620615,0.0058215,0.0621325,0.0644605,0.044301,0.066967,0,0,0,0,0,0.0602945,0,0.056677,0.0392075,0
379,44,0,0,0,0,0,0,0,0,0,0,0,0,0,0,0,0,0.0139
380,44,0.206129,0,0,0.244241,0.142982,0,0,0.02087,0,0,0.218376,0,0.195704,0,0,0.247889,0
381,49,0.0123465,0,0,0,0,0,0,0,0,0,0,0,0,0,0,0,0
382,63,0.033335,0.0147515,0,0,0,0,0,0,0,0,0,0.008297,0.021881,0,0.0111755,0.012198,0
383,52,0.2324,0,0,0.3352,0.2796,0,0.1932,0,0,0,0.2792,0.0164,0.284,0,0,0,0
384,50,0,0,0,0,0,0,0,0,0,0,0,0,0,0,0,0,0
385,68,0.036433,0.0119035,0.083501,0.369796,0.0191805,0.0498525,0.0560885,0.263201,0.030687,0,0.0182525,0.329284,0.654332,0.005762,0.047419,0,0
387,49,0,0,0,0,0,0,0,0,0,0,0,0.077098,0.066738,0,0,0,0
389,66,0.351745,0.028878,0.026766,0.0974515,0.063341,0.0376745,0.0061485,0.002807,0.167629,0.0102675,0.013092,0.006238,0.669145,0.009267,0.00823,0.003,0.009
572,43,0,0,0,0,0,0,0,0,0,0,0,0,0,0,0,0.025518,0
593,50,0.022266,0,0,0.522768,0.269521,0,0.029018,0.046877,0,0,0.189454,0,0.080131,0,0,0,0
594,46,0.250512,0.03152,0,0.214836,0.180757,0,0.054998,0.021486,0.02125,0.088115,0.254072,0.016779,0.056169,0,0.067569,0,0
613,45,0,0,0.052536,0,0,0,0,0,0,0,0,0,0,0,0,0,0
648,45,0,0,0,0,0,0,0,0,0,0,0,0,0,0,0
652,49,0.0358115,0.007168,0.001148,0,0.013188,0,0,0.128927,0.0230215,0.0150715,0.043642,0.08324,0.0470435,0.02225
667,45,0,0,0,0,0,0,0,0,0,0
670,40,0,0,0,0,0,0,0,0,0
673,45,0,0,0,0,0,0,0,0
691,40,0,0,0,0
390,40,0,0,0,0,0,0,0,0,0,0,0,0,0,0,0,0,0
391,55,0,0.0123465,0.012,0,0,0,0.0381735,0.004594,0.024398,0,0,0,0,0,0.0038815,0,0.0139135
392,61,0.004,0.226791,0.344471,0.352641,0.380305,0.0353665,0.018357,0.0536585,0.0245095,0.0425465,0.321647,0.0266365,0.002718,0.002495,0.3243,0.0809775,0.0394905
393,44,0,0,0,0,0,0,0,0,0,0,0,0,0,0,0,0,0
394,61,0.068385,0.0963625,0.0184105,0.216506,0.011841,0.070874,0.0940865,0.0969165,0.072947,0.0441735,0.042805,0.096573,0.042193,0.352206,0.035604,0.361688,0.284807
395,44,0.096642,0,0,0.009569,0,0,0.212918,0,0,0.130249,0,0,0.047285,0,0,0.216287,0.226343
396,42,0,0,0,0,0,0,0,0,0,0,0,0,0,0,0,0.2024,0.2416
398,72,0.057044,0.440422,0.0462425,0.0942865,0.069488,0.377055,0.0804995,0.109014,0,0.229562,0.108337,0.0387565,0.170024,0.40312,0.0432255,0.293119,0.232767
399,46,0.107317,0.051805,0.017715,0.06818,0,0.026925,0.167734,0.006048,0.196008,0.244748,0.040136,0,0,0,0,0.674248,0.231861
400,44,0,0,0,0,0,0,0,0,0,0,0,0,0,0,0,0,0
401,89,0.189078,0.065249,0.38697,0.01897,0.034448,0,0,0.111436,0.369085,0.375924,0.514592,0.033131,0.0091485,0.529253,0.423833,0.600042,0.741632
402,49,0.0391705,0.010071,0.212817,0.0098295,0.156665,0.05062,0.0609785,0.0412995,0.009911,0,0,0.005391,0,0.004532,0.346453,0.651556,0.566248
403,60,0.381215,0.0366635,0,0,0.0503455,0.082955,0.080446,0.09159,0.0322125,0.048376,0.413327,0.004556,0.0118545,0.0344165,0,0.116401,0
404,42,0.021836,0,0.175682,0.021852,0,0,0,0,0.024033,0.024,0,0,0,0,0,0,0
405,43,0.12792,0,0,0,0,0,0,0,0,0,0,0,0,0,0,0,0
406,44,0,0,0,0,0,0,0,0,0,0,0,0,0,0,0,0,0
407,45,0,0,0,0,0,0,0,0,0,0,0,0,0,0,0,0,0
408,40,0,0,0,0,0,0,0,0,0,0,0,0,0,0,0,0,0
409,45,0.153698,0,0,0,0,0.018912,0.05258,0,0,0.198832,0.022616,0,0.000126992,0,0,0.141455,0.195633
410,47,0.0515865,0.0674375,0.0224645,0,0,0.023884,0.015646,0.0126435,0.008287,0.037389,0.201175,0.016256,0.0026435,0.01299,0.0228835,0.031409,0.0193465
411,50,0,0,0,0,0,0,0,0,0,0,0,0,0,0,0,0,0.0169925
412,43,0,0,0,0,0,0,0,0,0,0,0,0,0,0,0,0,0
413,49,0.1992,0,0.0296,0.000399995,0,0.0236,0.2132,0.00519999,0,0.148,0,0,0,0,0,0,0
414,40,0,0,0,0,0,0,0,0,0,0,0,0,0,0,0,0,0
415,54,0,0,0,0.227073,0,0,0.128294,0.038767,0,0.140701,0.012639,0,0,0.023652,0,0.19177,0.252011
416,40,0,0,0,0,0,0,0,0,0,0,0,0,0,0,0,0,0
417,55,0,0,0.026574,0.080713,0.039215,0.042737,0.068994,0.04814,0.000255,0.0048415,0.179308,0.010131,0.0623875,0.0299605,0.000476,0.108636,0.0509525
418,56,0,0.004893,0,0.01481,0,0,0.229237,0,0,0,0,0.016863,0,0,0,0.077554,0.061997
419,45,0,0,0,0,0,0,0,0,0,0,0,0,0,0,0,0,0
420,48,0,0.0246715,0,0.242044,0,0.012,0.0066065,0.0117005,0.0350815,0.052947,0.075858,0.0099045,0.014329,0.02099,0,0.022178,0.010305
421,69,0,0,0,0,0,0,0,0,0,0,0,0.0135345,0,0.012,0.0072285,0,0
574,40,0,0,0,0,0,0,0,0,0,0,0,0,0,0,0,0,0
590,49,0,0,0,0,0.003495,0,0,0.009,0.01002,0,0.009,0,0,0,0,0.0121925,0
26,44,0,0,0,0.197369,0,0,0,0.198,0,0.423741,0,0,0.020325,0,0,0,0
422,49,0.020249,0.308167,0.013578,0.201184,0,0.009856,0.01814,0.19867,0.063559,0.477399,0,0,0.262918,0,0,0,0.412442
423,50,0.0137455,0.0902125,0.246745,0.050883,0.0325635,0.032443,0.056083,0.184138,0.207312,0.227849,0,0,0.131054,0.0417725,0.182315,0.292635,0.0808875
424,55,0.033618,0.0159405,0.006,0,0,0.0140135,0,0.011936,0.004186,0.00901,0.0101685,0.0131085,0,0.0157865,0.009,0,0.012495
425,42,0.003273,0.024033,0,0,0,0,0,0,0,0,0,0,0,0,0,0.048876,0
426,45,0,0,0,0,0,0,0,0,0,0,0,0,0,0,0,0,0
427,42,0,0,0,0,0,0,0,0,0,0,0,0,0,0,0,0,0
428,44,0,0,0,0,0,0,0,0,0,0.012,0,0,0,0.0267225,0,0,0
429,47,0.0040495,0,0,0,0,0,0,0,0,0,0,0,0,0,0,0,0
430,49,0,0,0,0,0,0,0,0,0,0,0,0,0,0,0,0,0
431,48,0.0121805,0,0,0.021101,0,0.0106215,0.019168,0.082408,0.0593885,0.0715685,0.0862925,0.0241855,0.0111185,0.0191525,0.0141285,0.064612,0
432,51,0.0786625,0.0988515,0.051299,0.162716,0,0.00864,0.0134875,0.0356475,0.0219655,0.056071,0.195956,0.008297,0.008396,0.0349405,0.01699,0.326748,0.36214
433,63,0.0586845,0.421385,0.116194,0.041605,0,0,0.0588495,0,0,0.068487,0.007644,0,0.080405,0.079456,0.484968,0.317166,0.067518
434,53,0.0997105,0.153286,0.041308,0.334175,0.17305,0.031438,0.077993,0.087861,0.0732105,0.43246,0,0.0174185,0.0614955,0,0.169255,0.07483,0.098099
435,45,0,0,0,0,0,0,0,0,0,0,0,0,0,0,0,0,0
436,46,0.022264,0.233194,0.024979,0.152618,0,0,0,0.230854,0.046633,0.20255,0.057624,0,0.22508,0,0,0.040787,0.144816
437,43,0.002831,0.228187,0,0.05561,0,0.017469,0,0.040657,0.064695,0,0,0,0.156304,0,0,0.05797,0.369395
438,45,0,0,0,0,0,0,0,0,0,0,0,0,0,0,0,0,0
439,50,0,0,0,0,0,0,0,0,0,0,0,0,0,0,0,0,0
440,43,0,0,0,0,0,0,0,0,0,0,0,0,0,0,0,0,0
441,40,0,0,0,0,0,0,0,0,0,0,0,0,0,0,0,0,0
442,44,0.0528535,0.0489015,0.021259,0,0,0,0,0,0,0,0,0,0,0,0,0,0
443,47,0.00119999,0.2044,0,0.2524,0,0,0,0.2952,0.1696,0.2048,0,0,0.2164,0,0,0,0.228
444,43,0,0,0,0,0,0,0,0,0,0,0,0,0,0,0,0,0.024132
446,45,0,0,0,0,0,0,0,0,0,0,0,0,0,0,0,0,0
447,66,0.36272,0.0550845,0.395317,0.031595,0.366102,0.0118265,0.353747,0.385516,0.670237,0.394603,0.0395455,0.01104,0.380567,0.0378935,0.363366,0.0278375,0.048347
448,45,0,0,0,0,0,0,0,0,0,0,0,0,0,0,0,0,0
449,49,0.245614,0.0407815,0.03051,0.0262275,0.0144255,0.076193,0.0384965,0.0870135,0.363279,0.0511535,0.0633365,0.0111145,0.076639,0,0.018487,0.068516,0.0112175
531,62,0.004376,0,0,0.057992,0,0.0380485,0.0235865,0,0,0,0.0125445,0.0406265,0,0,0,0,0
573,46,0,0.18702,0.005217,0.153839,0,0,0.133954,0.18091,0,0.24153,0,0,0.19045,0,0.08497,0.296216,0.206639
596,59,0,0.013089,0.004495,0.0500065,0.171761,0.040284,0.0289165,0.0068325,0.0241835,0.01528,0.036793,0,0.219828,0.0127365,0.0288965,0.01918,0
620,55,0,0.040685,0,0.332094,0.0176855,0,0.02507,0.0434075,0.0311935,0,0.0424635,0.0241035,0.004,0,0,0
653,45,0.03029,0.057596,0,0.011806,0.018093,0.049005,0,0,0,0.02115,0,0.027674,0.073074,0.131465
14,44,0,0,0,0,0.0024,0,0,0,0.042,0.2676,0,0,0,0,0,0,0.0428
27,50,0.0285145,0.0098465,0.0143265,0.0306005,0.02357,0.015495,0.348891,0.399427,0.0125325,0.035676,0.009396,0.0116535,0.030068,0.0322535,0.024234,0.009,0
188,45,0,0,0,0.0067765,0,0,0,0,0,0.0216335,0.001438,0,0,0,0,0,0
397,48,0,0,0,0.0151385,0.0179895,0.000297498,0,0,0,0,0,0.0328205,0.0234455,0.000408499,0,0,0
450,49,0.0402185,0,0,0,0,0,0,0,0,0,0,0,0,0,0,0,0
451,44,0.032215,0,0,0,0,0,0,0,0,0,0,0,0,0,0,0,0
452,49,0.0999765,0.041334,0.033317,0,0.0021485,0.0402375,0.0448855,0.355812,0.0289875,0.0294965,0.0291805,0,0.033487,0.387465,0.030154,0.0606465,0.016
453,51,0.0638665,0.0108645,0.0070255,0,0.009,0,0.009775,0,0.01665,0.37246,0.0140475,0.501451,0.172637,0.01203,0.0151455,0.0314325,0.00875
454,43,0,0,0,0,0,0,0,0,0,0,0,0,0,0,0,0,0
455,40,0.048943,0,0,0,0.00330399,0,0,0,0,0.192894,0,0,0,0,0,0,0.0225
456,39,0,0,0,0,0,0,0,0,0,0,0,0,0,0,0,0,0
457,39,0,0,0,0,0,0,0,0,0.020919,0,0,0,0,0,0,0,0
458,45,0,0,0,0,0,0,0,0,0,0,0,0,0,0,0,0,0
459,49,0.0244335,0.0287925,0,0,0,0,0,0,0,0,0,0,0,0,0,0,0
460,39,0,0,0,0,0,0,0,0,0,0,0,0,0,0,0,0,0
461,41,0,0,0,0,0,0.075528,0,0,0.02604,0.19833,0,0,0,0,0,0,0.0198
462,50,0,0,0,0,0,0,0,0.0166635,0.008,0,0,0,0.020495,0,0.0211385,0,0
463,50,0,0,0.166195,0.0130195,0.19539,0.0081265,0,0,0.007893,0.0237545,0.037343,0.0199005,0,0,0,0,0
464,40,0,0,0,0,0,0,0,0,0,0,0,0,0,0,0,0,0
465,40,0,0,0,0,0,0,0,0,0,0,0,0,0,0,0,0,0
466,40,0,0,0,0,0,0,0,0,0,0,0,0,0,0,0,0,0
467,43,0,0,0,0,0,0,0,0,0,0.033862,0,0,0,0,0,0,0
468,50,0,0,0,0,0,0,0,0,0,0,0,0,0,0,0,0,0
469,43,0,0.012,0,0,0,0,0,0,0,0,0,0,0,0,0,0,0
470,49,0,0,0,0,0,0,0.01299,0.0088565,0.0298735,0,0.0071685,0.02298,0,0,0,0,0
471,50,0.0764675,0.030111,0.051354,0,0,0,0,0,0,0,0,0,0,0,0,0,0
472,40,0,0,0,0,0,0,0,0,0,0.222127,0,0,0.06016,0,0,0,0
473,44,0,0,0,0.003594,0,0.0192425,0.012,0,0,0,0,0,0,0,0,0,0
474,43,0,0,0.069112,0,0,0,0,0.185777,0,0.185887,0.012021,0,0.01008,0,0,0.056701,0.031
475,39,0,0.020272,0,0,0,0,0.007965,0,0,0,0,0,0,0,0,0,0
476,44,0.010477,0,0,0,0,0,0,0,0,0.298068,0,0,0,0,0,0,0.0305
477,40,0,0,0,0,0,0,0,0,0,0,0,0,0,0,0,0,0.0305
515,47,0,0,0,0.006683,0,0.0163615,0,0,0,0,0,0,0,0,0,0,0
518,48,0.0778565,0.0606075,0.10174,0.0141235,0.084405,0.0453495,0.0184645,0.0629505,0.03293,0.068986,0,0.04087,0.294391,0,0.035586,0.003755,0.02
584,49,0.006377,0.060053,0.0242925,0.0156555,0.0178325,0.0168525,0,0,0,0,0.0146885,0,0.0121485,0.0002475,0.0136855,0,0
608,45,0.0319745,0.027297,0.0538755,0.0393525,0.404133,0,0.0024105,0.005702,0.016505,0.008618,0.0510295,0.006839,0.0529015,0,0.044036,0.014742,0.01275
623,50,0.020864,0.0502855,0.0146015,0.107951,0.006504,0.181298,0.0319845,0.062387,0.0597,0.078085,0.334902,0.0669945,0.076759,0.0487425,0,0.0125
693,45,0,0,0,0
82,75,0.111339,0,0,0.014006,0.379481,0.407458,0.182229,0.0116705,0.024246,0.792934,0.061261,0.198373,0,0.0402685,0.406555,0.148199,0
478,40,0,0,0,0,0,0,0,0,0,0,0,0,0,0,0,0,0
479,40,0,0,0,0,0,0,0,0,0,0,0,0,0,0,0,0,0
480,49,0.079767,0,0,0.037435,0.064381,0.0900675,0.0230515,0.014329,0.0156065,0.0128985,0.33297,0,0,0,0,0,0
481,44,0.058994,0.00747,0.014062,0,0.0126435,0.018183,0,0,0,0,0,0.012099,0.023069,0.026447,0.0161755,0.059925,0
482,49,0,0.391969,0.062617,0,0.007918,0,0.0174355,0.413325,0.052962,0.0254475,0.0163465,0.032876,0.0493455,0.0488105,0,0,0
483,50,0,0,0,0,0,0,0,0,0,0,0,0,0,0,0,0,0
484,43,0,0,0,0,0,0,0,0,0,0.02054,0,0.14389,0.039475,0,0,0,0
485,45,0,0,0,0,0,0,0,0,0,0,0,0,0,0,0,0,0
486,43,0,0,0,0,0,0.019224,0,0,0,0,0,0.168116,0.028155,0,0,0.196542,0
487,45,0,0,0,0,0,0,0,0,0,0,0,0,0,0,0,0,0
488,43,0,0,0,0,0,0,0,0,0,0,0,0,0,0,0,0.2464,0
489,46,0.0082595,0.0168415,0,0,0.008099,0,0,0.0129405,0,0.008198,0,0,0.016297,0.0744005,0.0029405,0.072823,0
490,50,0,0,0,0,0,0,0,0,0,0,0,0,0,0,0,0,0
491,66,0.05667,0.025875,0.201602,0.0602,0.352536,0.523944,0.338188,0.0493325,0.035714,0.367775,0.013331,0.353819,0.345561,0.038066,0.20083,0,0
492,63,0.0173015,0.227658,0.0572695,0.032044,0.088074,0.510917,0.0091935,0.386963,0.0221265,0.209356,0.066419,0.281705,0.013438,0.073178,0.293652,0.413299,0
493,49,0,0,0,0,0,0,0,0,0,0,0,0,0,0,0,0,0
494,76,0.264428,0.275358,0.0727675,0.114282,0.610981,0.103534,0.342115,0.254115,0.0787155,0.308049,0.0153165,0.690847,0.055853,0.091704,0.183614,0.695097,0
495,56,0.298909,0.176751,0,0.097663,0.033833,0.243947,0,0.035695,0.015627,0,0.097307,0.415459,0.0042,0,0,0.161041,0
496,42,0,0,0,0,0,0,0,0,0,0,0,0,0,0,0,0,0
497,68,0.005815,0.017178,0,0,0,0,0,0.012297,0,0.179417,0,0,0,0,0,0,0
498,50,0.026205,0.556359,0,0.092765,0.052094,0.169513,0,0.00502,0.060035,0.011923,0,0,0,0,0.010126,0,0
499,48,0.053497,0.0071485,0.0773145,0.0436285,0.006213,0.178641,0.0162475,0.197238,0.0282125,0.0792995,0.060298,0.066044,0.062497,0.0135905,0,0.456468,0
500,45,0,0,0,0,0,0,0,0,0,0,0,0,0,0,0,0,0
502,54,0,0,0,0,0,0,0,0,0,0,0,0,0,0,0,0,0
503,98,0.103646,0.693522,0.104014,0.0645365,0.448278,0,0,0.370188,0,0.208507,0.117197,0.244285,0.0537905,0.0290885,0.359286,0.715119,0
504,44,0.023157,0.041769,0,0,0,0,0,0,0,0,0,0.024363,0,0,0,0.468949,0
505,49,0,0.214896,0,0.007263,0.020965,0.040091,0,0.283128,0.075472,0.00141299,0,0.145012,0,0.012046,0,0.022501,0
506,45,0.012439,0.397728,0,0.013404,0,0.422378,0,0.037713,0,0,0,0,0,0,0,0,0
507,50,0,0,0,0,0,0,0,0,0,0,0,0,0,0,0,0,0
508,49,0.0392,0.26,0,0,0.058,0.2716,0,0.0088,0.0868,0,0,0.2544,0,0,0,0,0
509,62,0.0185,0,0.0171905,0.021735,0,0.074695,0.167864,0.0273035,0.006807,0,0.01335,0.184883,0.224845,0.0118075,0.0355155,0.0482415,0
510,40,0,0,0,0,0,0,0,0,0,0,0,0,0,0,0,0,0
609,45,0,0,0,0,0,0,0,0,0,0,0,0,0.009,0,0,0.009,0
610,45,0,0,0,0,0.0131685,0.0106785,0.0175645,0,0.004037,0,0,0,0,0,0,0,0
612,53,0,0.036753,0.033224,0.0269405,0,0,0,0,0,0,0,0,0,0,0,0,0
683,45,0,0,0,0,0,0
684,40,0,0,0,0,0,0
689,45,0,0,0,0,0
699,40,0.031196,0
700,40,0,0
388,46,0,0.016619,0,0,0,0.007804,0.026419,0,0,0,0.173587,0.391012,0,0,0.00294499,0.183531,0.00895499
511,50,0,0.017772,0.0420535,0.039417,0.0044255,0,0.0263455,0.007983,0.0655165,0,0,0,0.027111,0.0644385,0.0328925,0.043809,0.076195
512,54,0.021558,0.01737,0.029315,0.002411,0.021281,0.167854,0.650771,0.0200595,0.07512,0.0173365,0.041491,0.0171115,0.0244255,0.0032785,0,0,0
513,42,0,0.186,0,0,0,0,0,0,0,0,0,0,0,0,0,0,0
514,74,0.015363,0.378058,0.188996,0.197384,0.0613405,0.076265,0.608465,0.0324675,0.370165,0.0530935,0.0930735,0.292444,0,0.175158,0.520347,0.043449,0.248429
516,42,0,0.11397,0,0.01226,0,0,0,0,0,0,0,0.027717,0.021697,0,0,0.028656,0.020841
517,39,0,0.0231,0,0,0.008984,0,0.014138,0,0.005396,0,0,0,0,0,0.04318,0,0
519,45,0,0,0,0,0,0,0,0,0,0,0,0,0,0,0,0,0
520,44,0,0.183236,0,0,0,0,0.056618,0,0,0,0.141435,0.336571,0,0,0,0,0.01395
521,41,0,0,0,0,0,0,0,0,0,0,0.2456,0.1924,0,0,0,0.0536,0.0336
522,43,0,0,0,0,0,0,0,0,0,0,0,0,0,0,0,0,0
523,50,0.0226525,0,0,0.343255,0,0.0104655,0,0,0.300165,0,0.0565775,0.032936,0.029703,0.037124,0.0073665,0,0
524,45,0,0.404226,0,0,0,0.012988,0.029846,0,0,0,0.174658,0.206705,0,0,0.03241,0.013424,0.05713
525,62,0.0663445,0.054609,0.000480499,0.0821815,0.049113,0.0145305,0.414714,0.316667,0,0,0,0,0,0.136646,0.222016,0.115168,0.3405
526,47,0,0,0,0,0,0,0.0160495,0,0,0,0.0131685,0,0,0,0,0,0
527,57,0.331833,0.070636,0.016423,0.0027295,0.02109,0.0581765,0.420263,0,0,0.007391,0.099134,0.147191,0.151251,0.01847,0.017302,0.397465,0.005255
528,44,0,0.211136,0,0.003868,0,0.075528,0,0.013264,0,0,0,0.066092,0,0,0.016006,0,0.080165
529,44,0,0,0,0,0,0,0,0,0,0,0,0,0,0,0,0,0
530,49,0.169829,0.360226,0.0075775,0.0008695,0.0541815,0.399998,0.06974,0,0.018018,0,0.0594425,0.393236,0.010317,0.012841,0.309244,0.0625735,0.0301435
532,44,0,0,0,0,0,0,0,0,0,0,0,0,0,0,0,0,0
576,48,0,0,0,0,0.026015,0,0,0,0,0.0262275,0,0.0136335,0.0057325,0,0,0,0
587,57,0.051922,0,0.0328235,0.0166855,0,0.0139285,0.0090695,0.016124,0.387989,0.0034575,0.06746,0.043817,0,0.210123,0.082388,0.0056135,0.023842
588,48,0.0454725,0.0515395,0.0123535,0.0231805,0,0.0529315,0.0454275,0.033068,0.080982,0,0.075507,0.0088415,0.0340515,0,0,0,0.012099
589,67,0.006792,0.0157225,0.0123,0,0,0,0,0,0,0,0,0,0,0.353308,0,0.033227,0.0021395
591,43,0.01489,0.02376,0,0,0,0.025073,0.071001,0,0,0,0.167544,0.027562,0,0,0.0189,0,0
643,40,0,0,0,0,0,0,0,0,0,0,0,0,0,0.02196,0
654,50,0,0.013199,0.0579115,0.0103515,0,0.0185315,0,0.020052,0.0801095,0.152857,0.113317,0.0619755,0.0293605,0
677,40,0,0,0,0,0,0,0.002145
686,40,0,0,0,0,0
701,45,0,0
204,43,0,0,0,0,0,0,0,0,0,0,0,0,0,0,0,0,0
533,48,0,0,0,0,0,0.159011,0,0,0.097813,0,0.14941,0.081685,0,0,0.125248,0,0
534,48,0,0,0,0,0,0,0,0,0,0,0,0,0,0,0,0,0
535,50,0.0009035,0,0.289071,0.0330985,0.0478085,0.050835,0.158821,0.009465,0,0.028645,0.005226,0.0203515,0.16433,0,0.0088425,0.0554615,0
536,40,0,0,0,0,0,0,0,0,0,0,0,0,0,0,0,0,0
537,45,0.0268335,0,0,0,0,0,0,0,0,0,0,0,0,0,0,0,0
538,45,0,0,0,0,0,0,0,0,0,0,0,0,0,0,0,0,0
539,45,0,0,0,0,0,0,0,0,0,0,0,0,0,0,0,0,0
540,45,0,0,0,0,0,0,0,0,0,0,0,0,0,0,0,0,0
541,71,0.05252,0.410558,0.0871825,0.0704045,0.387549,0.0633825,0.421306,0.044645,0.45439,0.23554,0.525493,0.798907,0.0518895,0.039169,0.071654,0.440855,0.01325
542,44,0.016792,0,0.007037,0,0,0,0,0,0.117924,0,0.221143,0,0,0,0,0,0
543,43,0,0,0.015942,0,0,0,0,0,0,0,0.024,0.0222,0,0,0.175319,0,0.015
544,48,0,0.018336,0.0180095,0.005178,0,0.013141,0,0.019346,0.201516,0.059614,0,0.0129925,0,0.0167425,0.0379155,0.071605,0
545,50,0,0,0,0,0,0,0,0,0,0,0,0,0,0,0,0,0
546,45,0,0,0,0,0,0,0,0,0,0,0,0,0,0,0,0,0
547,44,0,0,0,0,0,0,0,0,0,0,0,0,0,0,0,0,0
548,53,0,0,0.0256335,0.0125965,0,0,0.0344815,0,0.0141285,0.172798,0.012,0.323005,0.187482,0,0.031904,0.198711,0.31725
549,45,0,0,0,0,0,0,0,0,0,0,0,0,0,0,0,0,0
550,61,0.0518285,0,0.020695,0,0,0.013416,0,0,0,0,0,0.012495,0.0085445,0.021913,0,0.0022475,0
551,45,0,0,0,0,0,0,0,0,0,0,0,0,0,0,0,0,0
552,40,0,0,0,0,0,0,0,0,0,0,0,0,0,0,0,0,0
553,49,0.030341,0,0,0.064393,0.0418355,0.0159925,0.0308235,0.025554,0.016856,0.401485,0.048723,0.548645,0,0.0425435,0,0,0
554,43,0,0,0,0,0,0,0,0,0,0,0.1736,0,0,0,0,0,0.06
555,48,0,0,0,0,0,0,0,0,0,0,0,0,0,0,0,0,0
556,40,0,0,0,0,0,0,0,0,0,0,0,0,0,0,0,0,0
557,50,0.059496,0,0.225703,0.415998,0.015678,0.0580955,0.0123475,0.019623,0.0441185,0.030945,0.204709,0.258662,0.0425555,0.032942,0.0347675,0.0480065,0
558,39,0,0,0,0,0.032208,0,0,0,0,0,0,0,0,0,0,0,0
559,45,0,0,0,0,0,0,0,0.07368,0,0,0.191511,0,0,0,0,0,0.024
561,39,0,0,0,0,0,0,0,0,0,0,0,0,0,0,0,0,0
562,55,0.009609,0.0101805,0,0,0,0,0,0,0,0,0,0,0,0,0,0,0
563,52,0.0137185,0.0043395,0,0,0,0,0,0,0.012,0,0.0086435,0.0271755,0,0.022237,0.0123465,0,0.012
564,43,0,0,0,0,0,0,0,0,0,0,0.184391,0,0,0,0,0,0.024
565,51,0.0392265,0.0335385,0,0,0,0,0,0,0.044206,0.0312785,0.365003,0,0,0,0,0,0
566,57,0.0218585,0.38897,0.027277,0.176399,0.0338685,0.024958,0.361837,0.358633,0.0748755,0.410478,0.034036,0.173079,0.66736,0.042757,0.0187725,0.0658565,0.006
567,43,0,0,0,0,0,0,0,0,0,0.00513499,0.239072,0.012723,0,0.022598,0,0,0.024
637,40,0,0,0,0,0,0,0,0,0,0,0,0,0,0,0
642,50,0.0171385,0.037239,0.0677545,0.0314675,0.036504,0.0127815,0.0120495,0,0,0.062863,0.052479,0.0825085,0.0430635,0.0058635,0.016
655,55,0.025565,0,0,0.0350855,0.004307,0,0,0,0,0,0,0,0,0
664,39,0,0,0,0,0,0,0.024,0,0,0,0,0
682,45,0,0,0,0,0,0
